filename,width,height,class,xmin,ymin,xmax,ymax
09aefeec-e05f-11e8-87a6-0242ac1c0002.jpg,750,340,nail,176,181,271,268
09aefeec-e05f-11e8-87a6-0242ac1c0002.jpg,750,340,nail,312,167,418,264
09aefeec-e05f-11e8-87a6-0242ac1c0002.jpg,750,340,nail,453,164,556,257
09aefeec-e05f-11e8-87a6-0242ac1c0002.jpg,750,340,nail,574,95,653,199
34404E67-4BB8-432E-863E-C1BEF5EB37E0.jpg,259,194,nail,22,112,48,148
34404E67-4BB8-432E-863E-C1BEF5EB37E0.jpg,259,194,nail,39,158,67,186
34404E67-4BB8-432E-863E-C1BEF5EB37E0.jpg,259,194,nail,84,116,113,155
34404E67-4BB8-432E-863E-C1BEF5EB37E0.jpg,259,194,nail,116,83,145,118
34404E67-4BB8-432E-863E-C1BEF5EB37E0.jpg,259,194,nail,109,181,135,194
34404E67-4BB8-432E-863E-C1BEF5EB37E0.jpg,259,194,nail,147,31,165,59
34404E67-4BB8-432E-863E-C1BEF5EB37E0.jpg,259,194,nail,186,1,216,7
34404E67-4BB8-432E-863E-C1BEF5EB37E0.jpg,259,194,nail,196,136,226,168
34404E67-4BB8-432E-863E-C1BEF5EB37E0.jpg,259,194,nail,166,173,199,194
3493127D-7B19-4E50-94AE-2401BD2A91C8.jpg,194,259,nail,41,104,66,129
3493127D-7B19-4E50-94AE-2401BD2A91C8.jpg,194,259,nail,67,81,92,111
3493127D-7B19-4E50-94AE-2401BD2A91C8.jpg,194,259,nail,94,55,121,90
3493127D-7B19-4E50-94AE-2401BD2A91C8.jpg,194,259,nail,133,59,157,92
3493127D-7B19-4E50-94AE-2401BD2A91C8.jpg,194,259,nail,106,135,145,164
41d83dbb-7c39-4d91-979e-eec5ff71b265.jpg,607,1079,nail,157,460,213,527
41d83dbb-7c39-4d91-979e-eec5ff71b265.jpg,607,1079,nail,228,444,305,532
41d83dbb-7c39-4d91-979e-eec5ff71b265.jpg,607,1079,nail,305,414,400,504
41d83dbb-7c39-4d91-979e-eec5ff71b265.jpg,607,1079,nail,433,417,523,501
4252e46c-e40f-4543-91ab-031917d46c5c.jpg,607,1079,nail,231,312,303,381
4252e46c-e40f-4543-91ab-031917d46c5c.jpg,607,1079,nail,380,362,434,427
4252e46c-e40f-4543-91ab-031917d46c5c.jpg,607,1079,nail,367,445,431,504
4252e46c-e40f-4543-91ab-031917d46c5c.jpg,607,1079,nail,333,511,393,568
4252e46c-e40f-4543-91ab-031917d46c5c.jpg,607,1079,nail,189,512,238,558
4c46b91a-e402-11e8-97db-0242ac1c0002.jpg,384,512,nail,54,168,139,262
4c46b91a-e402-11e8-97db-0242ac1c0002.jpg,384,512,nail,216,223,310,320
4c46b91a-e402-11e8-97db-0242ac1c0002.jpg,384,512,nail,361,406,384,484
4c472e18-e402-11e8-97db-0242ac1c0002.jpg,384,512,nail,9,197,40,232
4c472e18-e402-11e8-97db-0242ac1c0002.jpg,384,512,nail,153,185,200,232
4c472e18-e402-11e8-97db-0242ac1c0002.jpg,384,512,nail,229,208,279,253
4c472e18-e402-11e8-97db-0242ac1c0002.jpg,384,512,nail,313,301,361,349
4c478f3e-e402-11e8-97db-0242ac1c0002.jpg,384,512,nail,118,246,158,290
4c478f3e-e402-11e8-97db-0242ac1c0002.jpg,384,512,nail,66,170,104,183
4c478f3e-e402-11e8-97db-0242ac1c0002.jpg,384,512,nail,118,304,167,355
4c478f3e-e402-11e8-97db-0242ac1c0002.jpg,384,512,nail,132,379,181,431
4c478f3e-e402-11e8-97db-0242ac1c0002.jpg,384,512,nail,164,416,196,447
4c47ee66-e402-11e8-97db-0242ac1c0002.jpg,384,512,nail,16,118,44,146
4c47ee66-e402-11e8-97db-0242ac1c0002.jpg,384,512,nail,126,65,167,101
4c47ee66-e402-11e8-97db-0242ac1c0002.jpg,384,512,nail,198,65,243,101
4c47ee66-e402-11e8-97db-0242ac1c0002.jpg,384,512,nail,277,133,318,163
4c47ee66-e402-11e8-97db-0242ac1c0002.jpg,384,512,nail,280,375,360,446
4c484f8c-e402-11e8-97db-0242ac1c0002.jpg,384,512,nail,35,162,54,187
4c484f8c-e402-11e8-97db-0242ac1c0002.jpg,384,512,nail,92,121,114,145
4c484f8c-e402-11e8-97db-0242ac1c0002.jpg,384,512,nail,129,94,153,119
4c484f8c-e402-11e8-97db-0242ac1c0002.jpg,384,512,nail,187,128,205,149
4c484f8c-e402-11e8-97db-0242ac1c0002.jpg,384,512,nail,272,305,301,333
4c48acb6-e402-11e8-97db-0242ac1c0002.jpg,384,512,nail,55,180,76,202
4c48acb6-e402-11e8-97db-0242ac1c0002.jpg,384,512,nail,115,136,135,160
4c48acb6-e402-11e8-97db-0242ac1c0002.jpg,384,512,nail,153,110,177,137
4c48acb6-e402-11e8-97db-0242ac1c0002.jpg,384,512,nail,209,142,232,166
4c48acb6-e402-11e8-97db-0242ac1c0002.jpg,384,512,nail,303,333,334,363
4c490eae-e402-11e8-97db-0242ac1c0002.jpg,384,512,nail,42,153,65,177
4c490eae-e402-11e8-97db-0242ac1c0002.jpg,384,512,nail,111,109,133,134
4c490eae-e402-11e8-97db-0242ac1c0002.jpg,384,512,nail,149,80,177,108
4c490eae-e402-11e8-97db-0242ac1c0002.jpg,384,512,nail,217,115,243,146
4c490eae-e402-11e8-97db-0242ac1c0002.jpg,384,512,nail,305,327,340,363
4c49b502-e402-11e8-97db-0242ac1c0002.jpg,384,512,nail,65,181,84,201
4c49b502-e402-11e8-97db-0242ac1c0002.jpg,384,512,nail,114,141,133,161
4c49b502-e402-11e8-97db-0242ac1c0002.jpg,384,512,nail,147,118,170,139
4c49b502-e402-11e8-97db-0242ac1c0002.jpg,384,512,nail,199,143,219,166
4c49b502-e402-11e8-97db-0242ac1c0002.jpg,384,512,nail,292,296,325,330
54108996-6DA8-48F9-93DF-7ABB92F64E03.jpg,194,259,nail,4,92,57,147
54108996-6DA8-48F9-93DF-7ABB92F64E03.jpg,194,259,nail,61,65,103,103
54108996-6DA8-48F9-93DF-7ABB92F64E03.jpg,194,259,nail,72,102,118,140
54108996-6DA8-48F9-93DF-7ABB92F64E03.jpg,194,259,nail,79,141,129,174
54108996-6DA8-48F9-93DF-7ABB92F64E03.jpg,194,259,nail,84,185,126,212
5CBCC5AC-B638-4DFA-AA7B-2464FADFF2F7.jpg,194,259,nail,23,81,47,108
5CBCC5AC-B638-4DFA-AA7B-2464FADFF2F7.jpg,194,259,nail,42,112,70,143
5CBCC5AC-B638-4DFA-AA7B-2464FADFF2F7.jpg,194,259,nail,78,124,106,152
5CBCC5AC-B638-4DFA-AA7B-2464FADFF2F7.jpg,194,259,nail,98,160,120,185
5CBCC5AC-B638-4DFA-AA7B-2464FADFF2F7.jpg,194,259,nail,126,128,149,150
5CBCC5AC-B638-4DFA-AA7B-2464FADFF2F7.jpg,194,259,nail,126,155,148,182
5CBCC5AC-B638-4DFA-AA7B-2464FADFF2F7.jpg,194,259,nail,146,134,161,153
5CBCC5AC-B638-4DFA-AA7B-2464FADFF2F7.jpg,194,259,nail,62,153,80,170
5fad3947-76d7-4352-9329-4a92f898dd59.jpg,607,1079,nail,312,281,356,299
5fad3947-76d7-4352-9329-4a92f898dd59.jpg,607,1079,nail,469,537,533,614
5fad3947-76d7-4352-9329-4a92f898dd59.jpg,607,1079,nail,461,645,528,712
5fad3947-76d7-4352-9329-4a92f898dd59.jpg,607,1079,nail,366,712,434,778
5fad3947-76d7-4352-9329-4a92f898dd59.jpg,607,1079,nail,138,762,200,822
7e9f5818-4425-4d8a-808a-4673d96fa250.jpg,607,1079,nail,71,334,205,466
7e9f5818-4425-4d8a-808a-4673d96fa250.jpg,607,1079,nail,134,501,262,639
7e9f5818-4425-4d8a-808a-4673d96fa250.jpg,607,1079,nail,256,668,393,811
7e9f5818-4425-4d8a-808a-4673d96fa250.jpg,607,1079,nail,364,783,456,881
865a1e90-7ad2-4ceb-b2a1-50b07875c5c7.jpg,607,1079,nail,198,578,262,652
865a1e90-7ad2-4ceb-b2a1-50b07875c5c7.jpg,607,1079,nail,269,534,336,607
865a1e90-7ad2-4ceb-b2a1-50b07875c5c7.jpg,607,1079,nail,331,494,402,563
865a1e90-7ad2-4ceb-b2a1-50b07875c5c7.jpg,607,1079,nail,410,493,466,552
869CDA2E-8251-4880-89D6-9409CBC416F3.jpg,194,259,nail,51,88,91,130
869CDA2E-8251-4880-89D6-9409CBC416F3.jpg,194,259,nail,86,43,117,72
869CDA2E-8251-4880-89D6-9409CBC416F3.jpg,194,259,nail,93,81,126,112
869CDA2E-8251-4880-89D6-9409CBC416F3.jpg,194,259,nail,95,126,126,155
869CDA2E-8251-4880-89D6-9409CBC416F3.jpg,194,259,nail,95,162,121,184
917FB1CC-E132-497F-A463-46C61A84BB40.jpg,225,225,nail,17,119,47,147
917FB1CC-E132-497F-A463-46C61A84BB40.jpg,225,225,nail,108,149,143,185
917FB1CC-E132-497F-A463-46C61A84BB40.jpg,225,225,nail,161,131,201,173
917FB1CC-E132-497F-A463-46C61A84BB40.jpg,225,225,nail,186,90,221,126
964c11f9-fbe3-420e-8674-9bb356cb5d3f.jpg,607,1079,nail,46,412,64,442
964c11f9-fbe3-420e-8674-9bb356cb5d3f.jpg,607,1079,nail,220,645,262,686
964c11f9-fbe3-420e-8674-9bb356cb5d3f.jpg,607,1079,nail,375,645,425,689
964c11f9-fbe3-420e-8674-9bb356cb5d3f.jpg,607,1079,nail,457,593,498,637
964c11f9-fbe3-420e-8674-9bb356cb5d3f.jpg,607,1079,nail,482,476,512,503
9ABD7CB9-7617-4A66-8892-B335FDB0E89F.jpg,194,259,nail,42,103,79,125
9ABD7CB9-7617-4A66-8892-B335FDB0E89F.jpg,194,259,nail,62,54,84,81
9ABD7CB9-7617-4A66-8892-B335FDB0E89F.jpg,194,259,nail,84,66,107,95
9ABD7CB9-7617-4A66-8892-B335FDB0E89F.jpg,194,259,nail,105,79,129,106
9ABD7CB9-7617-4A66-8892-B335FDB0E89F.jpg,194,259,nail,124,93,147,114
a3a73edd-1483-4413-addb-9a7264b5d853.jpg,607,1079,nail,359,558,430,616
a3a73edd-1483-4413-addb-9a7264b5d853.jpg,607,1079,nail,172,426,224,480
a3a73edd-1483-4413-addb-9a7264b5d853.jpg,607,1079,nail,216,447,280,509
a3a73edd-1483-4413-addb-9a7264b5d853.jpg,607,1079,nail,262,468,338,529
a3a73edd-1483-4413-addb-9a7264b5d853.jpg,607,1079,nail,315,507,375,565
ABD5AB5C-E7CA-4420-A983-2161029ECC9E.jpg,299,168,nail,77,72,103,100
ABD5AB5C-E7CA-4420-A983-2161029ECC9E.jpg,299,168,nail,132,39,166,77
ABD5AB5C-E7CA-4420-A983-2161029ECC9E.jpg,299,168,nail,171,39,204,79
ABD5AB5C-E7CA-4420-A983-2161029ECC9E.jpg,299,168,nail,194,76,229,116
af5626a5-feb4-4b2a-8c57-152e443ea3dc.jpg,607,1079,nail,253,424,303,444
af5626a5-feb4-4b2a-8c57-152e443ea3dc.jpg,607,1079,nail,389,573,446,629
af5626a5-feb4-4b2a-8c57-152e443ea3dc.jpg,607,1079,nail,398,647,461,706
af5626a5-feb4-4b2a-8c57-152e443ea3dc.jpg,607,1079,nail,361,699,430,758
af5626a5-feb4-4b2a-8c57-152e443ea3dc.jpg,607,1079,nail,246,727,313,770
b25b81b1-d562-4891-ae4f-83a82a2b64b5.jpg,607,1079,nail,82,624,116,660
b25b81b1-d562-4891-ae4f-83a82a2b64b5.jpg,607,1079,nail,113,686,167,744
b25b81b1-d562-4891-ae4f-83a82a2b64b5.jpg,607,1079,nail,203,732,271,796
b25b81b1-d562-4891-ae4f-83a82a2b64b5.jpg,607,1079,nail,325,729,389,783
b25b81b1-d562-4891-ae4f-83a82a2b64b5.jpg,607,1079,nail,566,593,595,637
bf93c2e2-7b5f-4108-ae85-4ef68564d418.jpg,607,1079,nail,146,201,167,226
bf93c2e2-7b5f-4108-ae85-4ef68564d418.jpg,607,1079,nail,177,219,202,240
bf93c2e2-7b5f-4108-ae85-4ef68564d418.jpg,607,1079,nail,215,199,239,222
bf93c2e2-7b5f-4108-ae85-4ef68564d418.jpg,607,1079,nail,274,96,298,117
bf93c2e2-7b5f-4108-ae85-4ef68564d418.jpg,607,1079,nail,123,283,187,307
bf93c2e2-7b5f-4108-ae85-4ef68564d418.jpg,607,1079,nail,115,589,177,653
bf93c2e2-7b5f-4108-ae85-4ef68564d418.jpg,607,1079,nail,226,686,300,760
bf93c2e2-7b5f-4108-ae85-4ef68564d418.jpg,607,1079,nail,326,678,390,745
bf93c2e2-7b5f-4108-ae85-4ef68564d418.jpg,607,1079,nail,464,621,523,678
C03527E3-ADED-423E-9F11-D797EA35E286.jpg,225,225,nail,46,153,106,201
C03527E3-ADED-423E-9F11-D797EA35E286.jpg,225,225,nail,75,25,124,69
C03527E3-ADED-423E-9F11-D797EA35E286.jpg,225,225,nail,110,76,158,121
C03527E3-ADED-423E-9F11-D797EA35E286.jpg,225,225,nail,109,131,159,172
C03527E3-ADED-423E-9F11-D797EA35E286.jpg,225,225,nail,123,172,164,209
cc25f453-04ca-4c24-92bc-f26c5a94e78c.jpg,607,1079,nail,46,683,84,748
cc25f453-04ca-4c24-92bc-f26c5a94e78c.jpg,607,1079,nail,293,832,354,907
cc25f453-04ca-4c24-92bc-f26c5a94e78c.jpg,607,1079,nail,408,844,482,921
cc25f453-04ca-4c24-92bc-f26c5a94e78c.jpg,607,1079,nail,474,773,539,840
cc25f453-04ca-4c24-92bc-f26c5a94e78c.jpg,607,1079,nail,510,670,561,724
d60153c0-db67-11e8-9658-0242ac1c0002.jpg,564,423,nail,58,261,143,386
d60153c0-db67-11e8-9658-0242ac1c0002.jpg,564,423,nail,202,81,293,233
d60153c0-db67-11e8-9658-0242ac1c0002.jpg,564,423,nail,311,48,404,188
d60153c0-db67-11e8-9658-0242ac1c0002.jpg,564,423,nail,427,156,517,310
d6072ec6-db67-11e8-9658-0242ac1c0002.jpg,764,512,nail,88,64,188,181
d6072ec6-db67-11e8-9658-0242ac1c0002.jpg,764,512,nail,1,64,43,165
d6072ec6-db67-11e8-9658-0242ac1c0002.jpg,764,512,nail,283,61,371,176
d6072ec6-db67-11e8-9658-0242ac1c0002.jpg,764,512,nail,438,239,551,361
d6072ec6-db67-11e8-9658-0242ac1c0002.jpg,764,512,nail,390,341,488,460
d6072ec6-db67-11e8-9658-0242ac1c0002.jpg,764,512,nail,630,315,725,433
d60a5f06-db67-11e8-9658-0242ac1c0002.jpg,500,494,nail,127,79,192,150
d60a5f06-db67-11e8-9658-0242ac1c0002.jpg,500,494,nail,272,42,354,124
d60a5f06-db67-11e8-9658-0242ac1c0002.jpg,500,494,nail,346,49,427,135
d60a5f06-db67-11e8-9658-0242ac1c0002.jpg,500,494,nail,364,129,438,215
d60a5f06-db67-11e8-9658-0242ac1c0002.jpg,500,494,nail,300,404,381,472
d60f3ecc-db67-11e8-9658-0242ac1c0002.jpg,600,400,nail,70,135,94,171
d60f3ecc-db67-11e8-9658-0242ac1c0002.jpg,600,400,nail,146,86,179,129
d60f3ecc-db67-11e8-9658-0242ac1c0002.jpg,600,400,nail,204,62,239,104
d60f3ecc-db67-11e8-9658-0242ac1c0002.jpg,600,400,nail,249,107,283,153
d60f3ecc-db67-11e8-9658-0242ac1c0002.jpg,600,400,nail,274,297,319,339
d60f3ecc-db67-11e8-9658-0242ac1c0002.jpg,600,400,nail,313,280,354,325
d60f3ecc-db67-11e8-9658-0242ac1c0002.jpg,600,400,nail,355,101,384,146
d60f3ecc-db67-11e8-9658-0242ac1c0002.jpg,600,400,nail,397,61,436,107
d60f3ecc-db67-11e8-9658-0242ac1c0002.jpg,600,400,nail,450,100,493,147
d60f3ecc-db67-11e8-9658-0242ac1c0002.jpg,600,400,nail,512,166,540,205
d61a32a0-db67-11e8-9658-0242ac1c0002.jpg,702,556,nail,56,436,104,488
d61a32a0-db67-11e8-9658-0242ac1c0002.jpg,702,556,nail,79,468,135,523
d61a32a0-db67-11e8-9658-0242ac1c0002.jpg,702,556,nail,146,477,202,530
d61a32a0-db67-11e8-9658-0242ac1c0002.jpg,702,556,nail,244,460,292,506
d61a32a0-db67-11e8-9658-0242ac1c0002.jpg,702,556,nail,373,384,412,438
d61a32a0-db67-11e8-9658-0242ac1c0002.jpg,702,556,nail,432,437,470,498
d61a32a0-db67-11e8-9658-0242ac1c0002.jpg,702,556,nail,486,448,525,511
d61a32a0-db67-11e8-9658-0242ac1c0002.jpg,702,556,nail,529,411,565,473
d61a32a0-db67-11e8-9658-0242ac1c0002.jpg,702,556,nail,584,294,611,353
d61d6de4-db67-11e8-9658-0242ac1c0002.jpg,909,512,nail,25,249,138,393
d61d6de4-db67-11e8-9658-0242ac1c0002.jpg,909,512,nail,281,102,435,276
d61d6de4-db67-11e8-9658-0242ac1c0002.jpg,909,512,nail,469,32,613,230
d61d6de4-db67-11e8-9658-0242ac1c0002.jpg,909,512,nail,610,210,758,407
d62b0cd8-db67-11e8-9658-0242ac1c0002.jpg,604,453,nail,72,188,141,279
d62b0cd8-db67-11e8-9658-0242ac1c0002.jpg,604,453,nail,96,288,178,386
d62b0cd8-db67-11e8-9658-0242ac1c0002.jpg,604,453,nail,201,294,296,388
d62b0cd8-db67-11e8-9658-0242ac1c0002.jpg,604,453,nail,406,233,475,305
d62b0cd8-db67-11e8-9658-0242ac1c0002.jpg,604,453,nail,248,98,338,169
d62b0cd8-db67-11e8-9658-0242ac1c0002.jpg,604,453,nail,442,90,537,183
d62b0cd8-db67-11e8-9658-0242ac1c0002.jpg,604,453,nail,567,40,604,117
d6303a64-db67-11e8-9658-0242ac1c0002.jpg,640,477,nail,336,32,405,76
d6303a64-db67-11e8-9658-0242ac1c0002.jpg,640,477,nail,439,30,507,81
d6303a64-db67-11e8-9658-0242ac1c0002.jpg,640,477,nail,507,49,571,103
d6303a64-db67-11e8-9658-0242ac1c0002.jpg,640,477,nail,506,134,562,178
d6303a64-db67-11e8-9658-0242ac1c0002.jpg,640,477,nail,423,337,485,397
d6321726-db67-11e8-9658-0242ac1c0002.jpg,910,512,nail,86,244,152,330
d6321726-db67-11e8-9658-0242ac1c0002.jpg,910,512,nail,210,174,266,258
d6321726-db67-11e8-9658-0242ac1c0002.jpg,910,512,nail,288,165,344,252
d6321726-db67-11e8-9658-0242ac1c0002.jpg,910,512,nail,356,165,408,252
d6321726-db67-11e8-9658-0242ac1c0002.jpg,910,512,nail,414,207,460,276
d6321726-db67-11e8-9658-0242ac1c0002.jpg,910,512,nail,472,213,516,282
d6321726-db67-11e8-9658-0242ac1c0002.jpg,910,512,nail,517,179,569,247
d6321726-db67-11e8-9658-0242ac1c0002.jpg,910,512,nail,572,185,625,265
d6321726-db67-11e8-9658-0242ac1c0002.jpg,910,512,nail,641,183,699,271
d6321726-db67-11e8-9658-0242ac1c0002.jpg,910,512,nail,761,276,806,371
d633f320-db67-11e8-9658-0242ac1c0002.jpg,512,512,nail,96,152,126,208
d633f320-db67-11e8-9658-0242ac1c0002.jpg,512,512,nail,180,61,214,124
d633f320-db67-11e8-9658-0242ac1c0002.jpg,512,512,nail,245,23,281,86
d633f320-db67-11e8-9658-0242ac1c0002.jpg,512,512,nail,308,56,345,115
d633f320-db67-11e8-9658-0242ac1c0002.jpg,512,512,nail,389,251,431,320
d6358550-db67-11e8-9658-0242ac1c0002.jpg,670,502,nail,87,263,181,339
d6358550-db67-11e8-9658-0242ac1c0002.jpg,670,502,nail,90,160,196,247
d6358550-db67-11e8-9658-0242ac1c0002.jpg,670,502,nail,201,151,309,222
d6358550-db67-11e8-9658-0242ac1c0002.jpg,670,502,nail,395,141,490,198
d63890ec-db67-11e8-9658-0242ac1c0002.jpg,640,427,nail,100,229,130,280
d63890ec-db67-11e8-9658-0242ac1c0002.jpg,640,427,nail,145,289,179,349
d63890ec-db67-11e8-9658-0242ac1c0002.jpg,640,427,nail,189,329,224,390
d63890ec-db67-11e8-9658-0242ac1c0002.jpg,640,427,nail,236,293,269,351
d63890ec-db67-11e8-9658-0242ac1c0002.jpg,640,427,nail,297,159,323,223
d63890ec-db67-11e8-9658-0242ac1c0002.jpg,640,427,nail,317,160,343,219
d63890ec-db67-11e8-9658-0242ac1c0002.jpg,640,427,nail,387,300,421,360
d63890ec-db67-11e8-9658-0242ac1c0002.jpg,640,427,nail,438,327,475,390
d63890ec-db67-11e8-9658-0242ac1c0002.jpg,640,427,nail,476,287,512,349
d63890ec-db67-11e8-9658-0242ac1c0002.jpg,640,427,nail,524,223,554,271
d639e532-db67-11e8-9658-0242ac1c0002.jpg,767,512,nail,198,270,224,310
d639e532-db67-11e8-9658-0242ac1c0002.jpg,767,512,nail,249,318,282,355
d639e532-db67-11e8-9658-0242ac1c0002.jpg,767,512,nail,302,323,330,361
d639e532-db67-11e8-9658-0242ac1c0002.jpg,767,512,nail,337,283,362,320
d639e532-db67-11e8-9658-0242ac1c0002.jpg,767,512,nail,393,301,424,335
d639e532-db67-11e8-9658-0242ac1c0002.jpg,767,512,nail,432,335,466,372
d639e532-db67-11e8-9658-0242ac1c0002.jpg,767,512,nail,480,320,511,357
d639e532-db67-11e8-9658-0242ac1c0002.jpg,767,512,nail,544,270,576,297
d97db2d2-18ff-456d-8d85-23bfb7109aef.jpg,607,1079,nail,43,311,102,378
d97db2d2-18ff-456d-8d85-23bfb7109aef.jpg,607,1079,nail,279,270,359,355
d97db2d2-18ff-456d-8d85-23bfb7109aef.jpg,607,1079,nail,397,291,482,378
d97db2d2-18ff-456d-8d85-23bfb7109aef.jpg,607,1079,nail,508,409,595,493
d97db2d2-18ff-456d-8d85-23bfb7109aef.jpg,607,1079,nail,448,794,548,891
da236f3a-8c82-4c64-9a7d-9b950fd8b47e.jpg,607,1079,nail,75,363,146,429
da236f3a-8c82-4c64-9a7d-9b950fd8b47e.jpg,607,1079,nail,133,547,225,639
da236f3a-8c82-4c64-9a7d-9b950fd8b47e.jpg,607,1079,nail,215,655,316,753
da236f3a-8c82-4c64-9a7d-9b950fd8b47e.jpg,607,1079,nail,353,614,453,707
edff1324-0b02-4471-b449-14cea27f0094.jpg,607,1079,nail,159,347,221,414
edff1324-0b02-4471-b449-14cea27f0094.jpg,607,1079,nail,148,437,228,516
edff1324-0b02-4471-b449-14cea27f0094.jpg,607,1079,nail,251,442,334,511
edff1324-0b02-4471-b449-14cea27f0094.jpg,607,1079,nail,400,419,475,481
F6F9B3E6-FA7B-4DAC-B08C-1AD19BC43A76.jpg,225,225,nail,40,75,110,141
F6F9B3E6-FA7B-4DAC-B08C-1AD19BC43A76.jpg,225,225,nail,79,4,132,53
F6F9B3E6-FA7B-4DAC-B08C-1AD19BC43A76.jpg,225,225,nail,120,47,178,100
F6F9B3E6-FA7B-4DAC-B08C-1AD19BC43A76.jpg,225,225,nail,124,124,180,173
F6F9B3E6-FA7B-4DAC-B08C-1AD19BC43A76.jpg,225,225,nail,117,184,170,217
feb2c029-b89c-4ce5-b208-db2114516a40.jpg,607,1079,nail,149,727,195,789
feb2c029-b89c-4ce5-b208-db2114516a40.jpg,607,1079,nail,87,548,164,635
feb2c029-b89c-4ce5-b208-db2114516a40.jpg,607,1079,nail,120,457,202,534
feb2c029-b89c-4ce5-b208-db2114516a40.jpg,607,1079,nail,249,445,315,503
